Année de diagnostic,Province et Territoire,Valeur,Indicateur
1992,Canada,2.313,Certificat de décès seulement
1993,Canada,1.988,Certificat de décès seulement
1994,Canada,1.603,Certificat de décès seulement
1995,Canada,1.671,Certificat de décès seulement
1996,Canada,1.770,Certificat de décès seulement
1997,Canada,1.684,Certificat de décès seulement
1998,Canada,1.647,Certificat de décès seulement
1999,Canada,1.755,Certificat de décès seulement
2000,Canada,1.969,Certificat de décès seulement
2001,Canada,1.936,Certificat de décès seulement
2002,Canada,1.704,Certificat de décès seulement
2003,Canada,1.628,Certificat de décès seulement
2004,Canada,1.574,Certificat de décès seulement
2005,Canada,1.514,Certificat de décès seulement
2006,Canada,1.606,Certificat de décès seulement
2007,Canada,1.625,Certificat de décès seulement
2008,Canada,1.608,Certificat de décès seulement
2009,Canada,1.458,Certificat de décès seulement
2010,Canada,2.028,Certificat de décès seulement
2011,Canada,1.331,Certificat de décès seulement
2012,Canada,2.306,Certificat de décès seulement
2013,Canada,1.967,Certificat de décès seulement
2014,Canada,2.277,Certificat de décès seulement
2015,Canada,2.250,Certificat de décès seulement
2016,Canada,2.255,Certificat de décès seulement
2017,Canada,2.261,Certificat de décès seulement
2018,Canada,0.909,Certificat de décès seulement
2019,Canada,0.874,Certificat de décès seulement
2020,Canada,0.228,Certificat de décès seulement
1992,NL,0.000,Certificat de décès seulement
1993,NL,0.000,Certificat de décès seulement
1994,NL,0.000,Certificat de décès seulement
1995,NL,0.000,Certificat de décès seulement
1996,NL,0.000,Certificat de décès seulement
1997,NL,0.000,Certificat de décès seulement
1998,NL,0.000,Certificat de décès seulement
1999,NL,0.000,Certificat de décès seulement
2000,NL,0.000,Certificat de décès seulement
2001,NL,0.000,Certificat de décès seulement
2002,NL,0.000,Certificat de décès seulement
2003,NL,0.000,Certificat de décès seulement
2004,NL,0.000,Certificat de décès seulement
2005,NL,0.000,Certificat de décès seulement
2006,NL,2.609,Certificat de décès seulement
2007,NL,3.464,Certificat de décès seulement
2008,NL,1.969,Certificat de décès seulement
2009,NL,1.517,Certificat de décès seulement
2010,NL,1.460,Certificat de décès seulement
2011,NL,1.315,Certificat de décès seulement
2012,NL,1.185,Certificat de décès seulement
2013,NL,1.160,Certificat de décès seulement
2014,NL,1.132,Certificat de décès seulement
2015,NL,0.691,Certificat de décès seulement
2016,NL,0.308,Certificat de décès seulement
2017,NL,0.552,Certificat de décès seulement
2018,NL,0.371,Certificat de décès seulement
2019,NL,0.631,Certificat de décès seulement
2020,NL,0.740,Certificat de décès seulement
1992,PE,0.865,Certificat de décès seulement
1993,PE,0.560,Certificat de décès seulement
1994,PE,0.000,Certificat de décès seulement
1995,PE,0.562,Certificat de décès seulement
1996,PE,1.149,Certificat de décès seulement
1997,PE,0.000,Certificat de décès seulement
1998,PE,0.000,Certificat de décès seulement
1999,PE,0.123,Certificat de décès seulement
2000,PE,0.000,Certificat de décès seulement
2001,PE,0.000,Certificat de décès seulement
2002,PE,0.355,Certificat de décès seulement
2003,PE,0.000,Certificat de décès seulement
2004,PE,0.000,Certificat de décès seulement
2005,PE,0.000,Certificat de décès seulement
2006,PE,0.110,Certificat de décès seulement
2007,PE,0.000,Certificat de décès seulement
2008,PE,0.334,Certificat de décès seulement
2009,PE,0.210,Certificat de décès seulement
2010,PE,0.311,Certificat de décès seulement
2011,PE,0.389,Certificat de décès seulement
2012,PE,0.195,Certificat de décès seulement
2013,PE,0.097,Certificat de décès seulement
2014,PE,0.478,Certificat de décès seulement
2015,PE,0.271,Certificat de décès seulement
2016,PE,0.092,Certificat de décès seulement
2017,PE,0.267,Certificat de décès seulement
2018,PE,0.374,Certificat de décès seulement
2019,PE,0.258,Certificat de décès seulement
2020,PE,0.177,Certificat de décès seulement
1992,NS,6.235,Certificat de décès seulement
1993,NS,5.966,Certificat de décès seulement
1994,NS,3.078,Certificat de décès seulement
1995,NS,2.565,Certificat de décès seulement
1996,NS,1.525,Certificat de décès seulement
1997,NS,1.560,Certificat de décès seulement
1998,NS,1.755,Certificat de décès seulement
1999,NS,1.849,Certificat de décès seulement
2000,NS,1.635,Certificat de décès seulement
2001,NS,1.537,Certificat de décès seulement
2002,NS,0.703,Certificat de décès seulement
2003,NS,0.893,Certificat de décès seulement
2004,NS,0.583,Certificat de décès seulement
2005,NS,0.693,Certificat de décès seulement
2006,NS,0.531,Certificat de décès seulement
2007,NS,0.812,Certificat de décès seulement
2008,NS,0.767,Certificat de décès seulement
2009,NS,0.557,Certificat de décès seulement
2010,NS,0.688,Certificat de décès seulement
2011,NS,0.514,Certificat de décès seulement
2012,NS,1.339,Certificat de décès seulement
2013,NS,0.956,Certificat de décès seulement
2014,NS,0.871,Certificat de décès seulement
2015,NS,0.890,Certificat de décès seulement
2016,NS,0.993,Certificat de décès seulement
2017,NS,1.056,Certificat de décès seulement
2018,NS,1.069,Certificat de décès seulement
2019,NS,0.000,Certificat de décès seulement
2020,NS,Pas de données,Certificat de décès seulement
1992,NB,0.475,Certificat de décès seulement
1993,NB,0.393,Certificat de décès seulement
1994,NB,0.273,Certificat de décès seulement
1995,NB,0.087,Certificat de décès seulement
1996,NB,0.225,Certificat de décès seulement
1997,NB,0.159,Certificat de décès seulement
1998,NB,0.125,Certificat de décès seulement
1999,NB,0.272,Certificat de décès seulement
2000,NB,0.000,Certificat de décès seulement
2001,NB,0.072,Certificat de décès seulement
2002,NB,0.000,Certificat de décès seulement
2003,NB,0.024,Certificat de décès seulement
2004,NB,0.069,Certificat de décès seulement
2005,NB,0.021,Certificat de décès seulement
2006,NB,0.000,Certificat de décès seulement
2007,NB,0.123,Certificat de décès seulement
2008,NB,0.099,Certificat de décès seulement
2009,NB,0.039,Certificat de décès seulement
2010,NB,0.255,Certificat de décès seulement
2011,NB,0.172,Certificat de décès seulement
2012,NB,0.345,Certificat de décès seulement
2013,NB,0.147,Certificat de décès seulement
2014,NB,0.131,Certificat de décès seulement
2015,NB,0.164,Certificat de décès seulement
2016,NB,0.210,Certificat de décès seulement
2017,NB,0.274,Certificat de décès seulement
2018,NB,0.269,Certificat de décès seulement
2019,NB,0.222,Certificat de décès seulement
2020,NB,0.512,Certificat de décès seulement
1992,QC,2.288,Certificat de décès seulement
1993,QC,1.968,Certificat de décès seulement
1994,QC,1.769,Certificat de décès seulement
1995,QC,1.838,Certificat de décès seulement
1996,QC,2.188,Certificat de décès seulement
1997,QC,2.484,Certificat de décès seulement
1998,QC,2.350,Certificat de décès seulement
1999,QC,2.302,Certificat de décès seulement
2000,QC,2.863,Certificat de décès seulement
2001,QC,2.667,Certificat de décès seulement
2002,QC,2.757,Certificat de décès seulement
2003,QC,2.469,Certificat de décès seulement
2004,QC,2.540,Certificat de décès seulement
2005,QC,2.581,Certificat de décès seulement
2006,QC,2.531,Certificat de décès seulement
2007,QC,2.498,Certificat de décès seulement
2008,QC,2.660,Certificat de décès seulement
2009,QC,2.554,Certificat de décès seulement
2010,QC,4.918,Certificat de décès seulement
2011,QC,2.453,Certificat de décès seulement
2012,QC,5.449,Certificat de décès seulement
2013,QC,4.748,Certificat de décès seulement
2014,QC,5.976,Certificat de décès seulement
2015,QC,5.795,Certificat de décès seulement
2016,QC,5.652,Certificat de décès seulement
2017,QC,5.532,Certificat de décès seulement
2018,QC,Pas de données,Certificat de décès seulement
2019,QC,Pas de données,Certificat de décès seulement
2020,QC,Pas de données,Certificat de décès seulement
1992,ON,1.616,Certificat de décès seulement
1993,ON,1.423,Certificat de décès seulement
1994,ON,1.421,Certificat de décès seulement
1995,ON,1.580,Certificat de décès seulement
1996,ON,1.886,Certificat de décès seulement
1997,ON,1.794,Certificat de décès seulement
1998,ON,1.727,Certificat de décès seulement
1999,ON,1.874,Certificat de décès seulement
2000,ON,1.917,Certificat de décès seulement
2001,ON,1.852,Certificat de décès seulement
2002,ON,1.896,Certificat de décès seulement
2003,ON,2.030,Certificat de décès seulement
2004,ON,1.705,Certificat de décès seulement
2005,ON,1.383,Certificat de décès seulement
2006,ON,1.535,Certificat de décès seulement
2007,ON,1.622,Certificat de décès seulement
2008,ON,1.586,Certificat de décès seulement
2009,ON,1.427,Certificat de décès seulement
2010,ON,1.248,Certificat de décès seulement
2011,ON,1.239,Certificat de décès seulement
2012,ON,1.379,Certificat de décès seulement
2013,ON,1.555,Certificat de décès seulement
2014,ON,1.426,Certificat de décès seulement
2015,ON,1.488,Certificat de décès seulement
2016,ON,1.532,Certificat de décès seulement
2017,ON,1.449,Certificat de décès seulement
2018,ON,1.211,Certificat de décès seulement
2019,ON,1.254,Certificat de décès seulement
2020,ON,0.000,Certificat de décès seulement
1992,MB,2.835,Certificat de décès seulement
1993,MB,1.937,Certificat de décès seulement
1994,MB,1.347,Certificat de décès seulement
1995,MB,1.974,Certificat de décès seulement
1996,MB,2.198,Certificat de décès seulement
1997,MB,2.183,Certificat de décès seulement
1998,MB,1.377,Certificat de décès seulement
1999,MB,1.372,Certificat de décès seulement
2000,MB,2.558,Certificat de décès seulement
2001,MB,2.572,Certificat de décès seulement
2002,MB,2.649,Certificat de décès seulement
2003,MB,0.926,Certificat de décès seulement
2004,MB,1.744,Certificat de décès seulement
2005,MB,1.666,Certificat de décès seulement
2006,MB,1.339,Certificat de décès seulement
2007,MB,0.686,Certificat de décès seulement
2008,MB,0.731,Certificat de décès seulement
2009,MB,0.762,Certificat de décès seulement
2010,MB,0.628,Certificat de décès seulement
2011,MB,0.699,Certificat de décès seulement
2012,MB,0.573,Certificat de décès seulement
2013,MB,0.013,Certificat de décès seulement
2014,MB,0.000,Certificat de décès seulement
2015,MB,0.000,Certificat de décès seulement
2016,MB,0.000,Certificat de décès seulement
2017,MB,0.000,Certificat de décès seulement
2018,MB,0.000,Certificat de décès seulement
2019,MB,0.405,Certificat de décès seulement
2020,MB,0.000,Certificat de décès seulement
1992,SK,1.990,Certificat de décès seulement
1993,SK,1.877,Certificat de décès seulement
1994,SK,1.699,Certificat de décès seulement
1995,SK,2.530,Certificat de décès seulement
1996,SK,3.155,Certificat de décès seulement
1997,SK,2.928,Certificat de décès seulement
1998,SK,3.101,Certificat de décès seulement
1999,SK,3.520,Certificat de décès seulement
2000,SK,3.611,Certificat de décès seulement
2001,SK,3.703,Certificat de décès seulement
2002,SK,1.285,Certificat de décès seulement
2003,SK,1.125,Certificat de décès seulement
2004,SK,0.429,Certificat de décès seulement
2005,SK,1.563,Certificat de décès seulement
2006,SK,2.248,Certificat de décès seulement
2007,SK,1.370,Certificat de décès seulement
2008,SK,1.018,Certificat de décès seulement
2009,SK,0.981,Certificat de décès seulement
2010,SK,0.668,Certificat de décès seulement
2011,SK,0.879,Certificat de décès seulement
2012,SK,0.837,Certificat de décès seulement
2013,SK,0.684,Certificat de décès seulement
2014,SK,0.680,Certificat de décès seulement
2015,SK,0.628,Certificat de décès seulement
2016,SK,0.611,Certificat de décès seulement
2017,SK,0.521,Certificat de décès seulement
2018,SK,0.557,Certificat de décès seulement
2019,SK,0.335,Certificat de décès seulement
2020,SK,0.387,Certificat de décès seulement
1992,AB,0.074,Certificat de décès seulement
1993,AB,0.045,Certificat de décès seulement
1994,AB,0.087,Certificat de décès seulement
1995,AB,0.086,Certificat de décès seulement
1996,AB,0.152,Certificat de décès seulement
1997,AB,0.168,Certificat de décès seulement
1998,AB,0.253,Certificat de décès seulement
1999,AB,0.073,Certificat de décès seulement
2000,AB,0.280,Certificat de décès seulement
2001,AB,0.220,Certificat de décès seulement
2002,AB,0.300,Certificat de décès seulement
2003,AB,0.229,Certificat de décès seulement
2004,AB,0.254,Certificat de décès seulement
2005,AB,0.246,Certificat de décès seulement
2006,AB,0.291,Certificat de décès seulement
2007,AB,0.287,Certificat de décès seulement
2008,AB,0.126,Certificat de décès seulement
2009,AB,0.138,Certificat de décès seulement
2010,AB,0.135,Certificat de décès seulement
2011,AB,0.086,Certificat de décès seulement
2012,AB,0.090,Certificat de décès seulement
2013,AB,0.139,Certificat de décès seulement
2014,AB,0.096,Certificat de décès seulement
2015,AB,0.130,Certificat de décès seulement
2016,AB,0.104,Certificat de décès seulement
2017,AB,0.138,Certificat de décès seulement
2018,AB,0.180,Certificat de décès seulement
2019,AB,0.105,Certificat de décès seulement
2020,AB,0.129,Certificat de décès seulement
1992,BC,5.002,Certificat de décès seulement
1993,BC,4.130,Certificat de décès seulement
1994,BC,2.889,Certificat de décès seulement
1995,BC,2.585,Certificat de décès seulement
1996,BC,1.837,Certificat de décès seulement
1997,BC,1.023,Certificat de décès seulement
1998,BC,1.274,Certificat de décès seulement
1999,BC,1.760,Certificat de décès seulement
2000,BC,1.642,Certificat de décès seulement
2001,BC,2.019,Certificat de décès seulement
2002,BC,0.825,Certificat de décès seulement
2003,BC,1.127,Certificat de décès seulement
2004,BC,1.356,Certificat de décès seulement
2005,BC,1.333,Certificat de décès seulement
2006,BC,1.429,Certificat de décès seulement
2007,BC,1.538,Certificat de décès seulement
2008,BC,1.541,Certificat de décès seulement
2009,BC,1.164,Certificat de décès seulement
2010,BC,1.214,Certificat de décès seulement
2011,BC,0.662,Certificat de décès seulement
2012,BC,0.875,Certificat de décès seulement
2013,BC,0.482,Certificat de décès seulement
2014,BC,0.434,Certificat de décès seulement
2015,BC,0.492,Certificat de décès seulement
2016,BC,0.646,Certificat de décès seulement
2017,BC,1.206,Certificat de décès seulement
2018,BC,1.009,Certificat de décès seulement
2019,BC,0.878,Certificat de décès seulement
2020,BC,0.840,Certificat de décès seulement
1992,YT,0.000,Certificat de décès seulement
1993,YT,0.000,Certificat de décès seulement
1994,YT,0.000,Certificat de décès seulement
1995,YT,0.000,Certificat de décès seulement
1996,YT,0.000,Certificat de décès seulement
1997,YT,0.000,Certificat de décès seulement
1998,YT,0.000,Certificat de décès seulement
1999,YT,0.000,Certificat de décès seulement
2000,YT,0.000,Certificat de décès seulement
2001,YT,6.796,Certificat de décès seulement
2002,YT,10.526,Certificat de décès seulement
2003,YT,0.000,Certificat de décès seulement
2004,YT,0.769,Certificat de décès seulement
2005,YT,4.065,Certificat de décès seulement
2006,YT,0.000,Certificat de décès seulement
2007,YT,0.800,Certificat de décès seulement
2008,YT,0.000,Certificat de décès seulement
2009,YT,0.000,Certificat de décès seulement
2010,YT,0.000,Certificat de décès seulement
2011,YT,0.000,Certificat de décès seulement
2012,YT,0.000,Certificat de décès seulement
2013,YT,0.000,Certificat de décès seulement
2014,YT,0.000,Certificat de décès seulement
2015,YT,0.000,Certificat de décès seulement
2016,YT,0.000,Certificat de décès seulement
2017,YT,0.000,Certificat de décès seulement
2018,YT,0.000,Certificat de décès seulement
2019,YT,0.000,Certificat de décès seulement
2020,YT,0.000,Certificat de décès seulement
1992,NT,1.563,Certificat de décès seulement
1993,NT,0.000,Certificat de décès seulement
1994,NT,0.000,Certificat de décès seulement
1995,NT,0.000,Certificat de décès seulement
1996,NT,0.000,Certificat de décès seulement
1997,NT,0.000,Certificat de décès seulement
1998,NT,0.000,Certificat de décès seulement
1999,NT,0.000,Certificat de décès seulement
2000,NT,1.681,Certificat de décès seulement
2001,NT,2.727,Certificat de décès seulement
2002,NT,0.746,Certificat de décès seulement
2003,NT,0.787,Certificat de décès seulement
2004,NT,0.000,Certificat de décès seulement
2005,NT,1.600,Certificat de décès seulement
2006,NT,0.901,Certificat de décès seulement
2007,NT,0.000,Certificat de décès seulement
2008,NT,0.000,Certificat de décès seulement
2009,NT,0.000,Certificat de décès seulement
2010,NT,0.000,Certificat de décès seulement
2011,NT,0.000,Certificat de décès seulement
2012,NT,0.629,Certificat de décès seulement
2013,NT,0.694,Certificat de décès seulement
2014,NT,0.000,Certificat de décès seulement
2015,NT,0.000,Certificat de décès seulement
2016,NT,0.513,Certificat de décès seulement
2017,NT,0.000,Certificat de décès seulement
2018,NT,0.518,Certificat de décès seulement
2019,NT,0.935,Certificat de décès seulement
2020,NT,0.000,Certificat de décès seulement
1992,NU,4.167,Certificat de décès seulement
1993,NU,0.000,Certificat de décès seulement
1994,NU,0.000,Certificat de décès seulement
1995,NU,0.000,Certificat de décès seulement
1996,NU,0.000,Certificat de décès seulement
1997,NU,0.000,Certificat de décès seulement
1998,NU,0.000,Certificat de décès seulement
1999,NU,1.724,Certificat de décès seulement
2000,NU,14.035,Certificat de décès seulement
2001,NU,3.226,Certificat de décès seulement
2002,NU,1.449,Certificat de décès seulement
2003,NU,0.000,Certificat de décès seulement
2004,NU,0.000,Certificat de décès seulement
2005,NU,0.000,Certificat de décès seulement
2006,NU,0.000,Certificat de décès seulement
2007,NU,0.000,Certificat de décès seulement
2008,NU,0.000,Certificat de décès seulement
2009,NU,0.000,Certificat de décès seulement
2010,NU,0.000,Certificat de décès seulement
2011,NU,0.000,Certificat de décès seulement
2012,NU,0.000,Certificat de décès seulement
2013,NU,0.000,Certificat de décès seulement
2014,NU,0.000,Certificat de décès seulement
2015,NU,0.000,Certificat de décès seulement
2016,NU,0.000,Certificat de décès seulement
2017,NU,0.000,Certificat de décès seulement
2018,NU,0.000,Certificat de décès seulement
2019,NU,0.000,Certificat de décès seulement
2020,NU,0.000,Certificat de décès seulement
1992,Canada,82.437,Confirmation au microscope
1993,Canada,82.758,Confirmation au microscope
1994,Canada,83.163,Confirmation au microscope
1995,Canada,82.472,Confirmation au microscope
1996,Canada,82.529,Confirmation au microscope
1997,Canada,82.706,Confirmation au microscope
1998,Canada,82.447,Confirmation au microscope
1999,Canada,83.068,Confirmation au microscope
2000,Canada,83.016,Confirmation au microscope
2001,Canada,82.493,Confirmation au microscope
2002,Canada,83.151,Confirmation au microscope
2003,Canada,82.467,Confirmation au microscope
2004,Canada,83.887,Confirmation au microscope
2005,Canada,84.048,Confirmation au microscope
2006,Canada,83.739,Confirmation au microscope
2007,Canada,86.734,Confirmation au microscope
2008,Canada,86.911,Confirmation au microscope
2009,Canada,87.232,Confirmation au microscope
2010,Canada,84.822,Confirmation au microscope
2011,Canada,87.951,Confirmation au microscope
2012,Canada,86.894,Confirmation au microscope
2013,Canada,89.390,Confirmation au microscope
2014,Canada,89.580,Confirmation au microscope
2015,Canada,89.675,Confirmation au microscope
2016,Canada,89.675,Confirmation au microscope
2017,Canada,89.448,Confirmation au microscope
2018,Canada,90.148,Confirmation au microscope
2019,Canada,90.055,Confirmation au microscope
2020,Canada,90.962,Confirmation au microscope
1992,NL,98.227,Confirmation au microscope
1993,NL,98.450,Confirmation au microscope
1994,NL,98.026,Confirmation au microscope
1995,NL,97.568,Confirmation au microscope
1996,NL,96.188,Confirmation au microscope
1997,NL,97.773,Confirmation au microscope
1998,NL,97.688,Confirmation au microscope
1999,NL,97.573,Confirmation au microscope
2000,NL,98.203,Confirmation au microscope
2001,NL,98.082,Confirmation au microscope
2002,NL,97.615,Confirmation au microscope
2003,NL,97.639,Confirmation au microscope
2004,NL,96.491,Confirmation au microscope
2005,NL,96.321,Confirmation au microscope
2006,NL,91.975,Confirmation au microscope
2007,NL,90.912,Confirmation au microscope
2008,NL,91.278,Confirmation au microscope
2009,NL,91.939,Confirmation au microscope
2010,NL,91.208,Confirmation au microscope
2011,NL,91.454,Confirmation au microscope
2012,NL,91.676,Confirmation au microscope
2013,NL,92.866,Confirmation au microscope
2014,NL,92.862,Confirmation au microscope
2015,NL,92.593,Confirmation au microscope
2016,NL,93.670,Confirmation au microscope
2017,NL,92.300,Confirmation au microscope
2018,NL,91.781,Confirmation au microscope
2019,NL,90.905,Confirmation au microscope
2020,NL,89.852,Confirmation au microscope
1992,PE,92.075,Confirmation au microscope
1993,PE,92.577,Confirmation au microscope
1994,PE,93.478,Confirmation au microscope
1995,PE,93.539,Confirmation au microscope
1996,PE,91.236,Confirmation au microscope
1997,PE,91.329,Confirmation au microscope
1998,PE,93.852,Confirmation au microscope
1999,PE,92.752,Confirmation au microscope
2000,PE,92.617,Confirmation au microscope
2001,PE,93.116,Confirmation au microscope
2002,PE,92.317,Confirmation au microscope
2003,PE,93.069,Confirmation au microscope
2004,PE,91.506,Confirmation au microscope
2005,PE,94.137,Confirmation au microscope
2006,PE,94.615,Confirmation au microscope
2007,PE,92.694,Confirmation au microscope
2008,PE,89.967,Confirmation au microscope
2009,PE,90.852,Confirmation au microscope
2010,PE,92.642,Confirmation au microscope
2011,PE,90.953,Confirmation au microscope
2012,PE,90.944,Confirmation au microscope
2013,PE,89.565,Confirmation au microscope
2014,PE,89.388,Confirmation au microscope
2015,PE,89.792,Confirmation au microscope
2016,PE,89.279,Confirmation au microscope
2017,PE,88.324,Confirmation au microscope
2018,PE,88.120,Confirmation au microscope
2019,PE,88.240,Confirmation au microscope
2020,PE,87.489,Confirmation au microscope
1992,NS,89.157,Confirmation au microscope
1993,NS,88.341,Confirmation au microscope
1994,NS,89.667,Confirmation au microscope
1995,NS,90.608,Confirmation au microscope
1996,NS,91.255,Confirmation au microscope
1997,NS,90.263,Confirmation au microscope
1998,NS,90.274,Confirmation au microscope
1999,NS,89.857,Confirmation au microscope
2000,NS,90.073,Confirmation au microscope
2001,NS,89.392,Confirmation au microscope
2002,NS,89.799,Confirmation au microscope
2003,NS,88.826,Confirmation au microscope
2004,NS,90.342,Confirmation au microscope
2005,NS,90.135,Confirmation au microscope
2006,NS,89.584,Confirmation au microscope
2007,NS,88.488,Confirmation au microscope
2008,NS,88.576,Confirmation au microscope
2009,NS,89.582,Confirmation au microscope
2010,NS,89.092,Confirmation au microscope
2011,NS,88.855,Confirmation au microscope
2012,NS,87.383,Confirmation au microscope
2013,NS,88.208,Confirmation au microscope
2014,NS,87.848,Confirmation au microscope
2015,NS,87.408,Confirmation au microscope
2016,NS,88.189,Confirmation au microscope
2017,NS,88.819,Confirmation au microscope
2018,NS,89.632,Confirmation au microscope
2019,NS,95.928,Confirmation au microscope
2020,NS,Pas de données,Confirmation au microscope
1992,NB,91.176,Confirmation au microscope
1993,NB,92.355,Confirmation au microscope
1994,NB,91.774,Confirmation au microscope
1995,NB,91.543,Confirmation au microscope
1996,NB,92.472,Confirmation au microscope
1997,NB,92.005,Confirmation au microscope
1998,NB,91.683,Confirmation au microscope
1999,NB,92.260,Confirmation au microscope
2000,NB,92.534,Confirmation au microscope
2001,NB,92.854,Confirmation au microscope
2002,NB,91.734,Confirmation au microscope
2003,NB,91.611,Confirmation au microscope
2004,NB,91.991,Confirmation au microscope
2005,NB,92.492,Confirmation au microscope
2006,NB,93.949,Confirmation au microscope
2007,NB,91.973,Confirmation au microscope
2008,NB,92.785,Confirmation au microscope
2009,NB,92.760,Confirmation au microscope
2010,NB,92.949,Confirmation au microscope
2011,NB,92.221,Confirmation au microscope
2012,NB,92.724,Confirmation au microscope
2013,NB,92.383,Confirmation au microscope
2014,NB,92.464,Confirmation au microscope
2015,NB,92.318,Confirmation au microscope
2016,NB,92.186,Confirmation au microscope
2017,NB,92.487,Confirmation au microscope
2018,NB,92.274,Confirmation au microscope
2019,NB,91.600,Confirmation au microscope
2020,NB,92.688,Confirmation au microscope
1992,QC,68.057,Confirmation au microscope
1993,QC,70.258,Confirmation au microscope
1994,QC,72.020,Confirmation au microscope
1995,QC,69.448,Confirmation au microscope
1996,QC,68.287,Confirmation au microscope
1997,QC,67.764,Confirmation au microscope
1998,QC,67.986,Confirmation au microscope
1999,QC,70.286,Confirmation au microscope
2000,QC,70.498,Confirmation au microscope
2001,QC,70.528,Confirmation au microscope
2002,QC,71.550,Confirmation au microscope
2003,QC,69.974,Confirmation au microscope
2004,QC,70.453,Confirmation au microscope
2005,QC,71.244,Confirmation au microscope
2006,QC,70.941,Confirmation au microscope
2007,QC,71.791,Confirmation au microscope
2008,QC,72.615,Confirmation au microscope
2009,QC,73.198,Confirmation au microscope
2010,QC,72.314,Confirmation au microscope
2011,QC,83.000,Confirmation au microscope
2012,QC,79.937,Confirmation au microscope
2013,QC,88.986,Confirmation au microscope
2014,QC,87.904,Confirmation au microscope
2015,QC,88.196,Confirmation au microscope
2016,QC,88.177,Confirmation au microscope
2017,QC,88.404,Confirmation au microscope
2018,QC,Pas de données,Confirmation au microscope
2019,QC,Pas de données,Confirmation au microscope
2020,QC,Pas de données,Confirmation au microscope
1992,ON,83.310,Confirmation au microscope
1993,ON,82.396,Confirmation au microscope
1994,ON,82.742,Confirmation au microscope
1995,ON,83.024,Confirmation au microscope
1996,ON,83.758,Confirmation au microscope
1997,ON,83.744,Confirmation au microscope
1998,ON,82.964,Confirmation au microscope
1999,ON,83.062,Confirmation au microscope
2000,ON,83.422,Confirmation au microscope
2001,ON,82.254,Confirmation au microscope
2002,ON,82.916,Confirmation au microscope
2003,ON,82.896,Confirmation au microscope
2004,ON,86.256,Confirmation au microscope
2005,ON,86.157,Confirmation au microscope
2006,ON,85.815,Confirmation au microscope
2007,ON,94.481,Confirmation au microscope
2008,ON,94.616,Confirmation au microscope
2009,ON,94.584,Confirmation au microscope
2010,ON,87.980,Confirmation au microscope
2011,ON,89.134,Confirmation au microscope
2012,ON,89.067,Confirmation au microscope
2013,ON,88.455,Confirmation au microscope
2014,ON,89.575,Confirmation au microscope
2015,ON,89.895,Confirmation au microscope
2016,ON,89.781,Confirmation au microscope
2017,ON,89.177,Confirmation au microscope
2018,ON,89.536,Confirmation au microscope
2019,ON,89.147,Confirmation au microscope
2020,ON,90.852,Confirmation au microscope
1992,MB,86.729,Confirmation au microscope
1993,MB,89.020,Confirmation au microscope
1994,MB,89.192,Confirmation au microscope
1995,MB,88.287,Confirmation au microscope
1996,MB,89.357,Confirmation au microscope
1997,MB,89.360,Confirmation au microscope
1998,MB,90.410,Confirmation au microscope
1999,MB,89.161,Confirmation au microscope
2000,MB,87.528,Confirmation au microscope
2001,MB,87.411,Confirmation au microscope
2002,MB,87.028,Confirmation au microscope
2003,MB,85.745,Confirmation au microscope
2004,MB,86.685,Confirmation au microscope
2005,MB,86.688,Confirmation au microscope
2006,MB,87.051,Confirmation au microscope
2007,MB,86.590,Confirmation au microscope
2008,MB,84.877,Confirmation au microscope
2009,MB,86.404,Confirmation au microscope
2010,MB,86.641,Confirmation au microscope
2011,MB,86.158,Confirmation au microscope
2012,MB,88.120,Confirmation au microscope
2013,MB,89.519,Confirmation au microscope
2014,MB,88.754,Confirmation au microscope
2015,MB,89.158,Confirmation au microscope
2016,MB,90.267,Confirmation au microscope
2017,MB,90.176,Confirmation au microscope
2018,MB,90.776,Confirmation au microscope
2019,MB,90.219,Confirmation au microscope
2020,MB,90.939,Confirmation au microscope
1992,SK,91.201,Confirmation au microscope
1993,SK,91.414,Confirmation au microscope
1994,SK,91.116,Confirmation au microscope
1995,SK,90.393,Confirmation au microscope
1996,SK,89.592,Confirmation au microscope
1997,SK,90.689,Confirmation au microscope
1998,SK,89.931,Confirmation au microscope
1999,SK,89.835,Confirmation au microscope
2000,SK,89.588,Confirmation au microscope
2001,SK,89.279,Confirmation au microscope
2002,SK,90.111,Confirmation au microscope
2003,SK,89.820,Confirmation au microscope
2004,SK,90.578,Confirmation au microscope
2005,SK,89.482,Confirmation au microscope
2006,SK,89.507,Confirmation au microscope
2007,SK,89.833,Confirmation au microscope
2008,SK,88.747,Confirmation au microscope
2009,SK,89.317,Confirmation au microscope
2010,SK,89.239,Confirmation au microscope
2011,SK,89.536,Confirmation au microscope
2012,SK,90.460,Confirmation au microscope
2013,SK,90.438,Confirmation au microscope
2014,SK,90.980,Confirmation au microscope
2015,SK,90.806,Confirmation au microscope
2016,SK,91.846,Confirmation au microscope
2017,SK,90.749,Confirmation au microscope
2018,SK,92.043,Confirmation au microscope
2019,SK,92.926,Confirmation au microscope
2020,SK,92.856,Confirmation au microscope
1992,AB,93.948,Confirmation au microscope
1993,AB,93.360,Confirmation au microscope
1994,AB,92.303,Confirmation au microscope
1995,AB,92.417,Confirmation au microscope
1996,AB,92.076,Confirmation au microscope
1997,AB,92.823,Confirmation au microscope
1998,AB,93.104,Confirmation au microscope
1999,AB,93.011,Confirmation au microscope
2000,AB,92.718,Confirmation au microscope
2001,AB,92.435,Confirmation au microscope
2002,AB,91.863,Confirmation au microscope
2003,AB,91.539,Confirmation au microscope
2004,AB,92.194,Confirmation au microscope
2005,AB,92.584,Confirmation au microscope
2006,AB,91.919,Confirmation au microscope
2007,AB,91.230,Confirmation au microscope
2008,AB,91.295,Confirmation au microscope
2009,AB,91.997,Confirmation au microscope
2010,AB,92.421,Confirmation au microscope
2011,AB,92.337,Confirmation au microscope
2012,AB,91.734,Confirmation au microscope
2013,AB,91.704,Confirmation au microscope
2014,AB,91.767,Confirmation au microscope
2015,AB,91.778,Confirmation au microscope
2016,AB,90.993,Confirmation au microscope
2017,AB,91.010,Confirmation au microscope
2018,AB,91.154,Confirmation au microscope
2019,AB,91.088,Confirmation au microscope
2020,AB,91.342,Confirmation au microscope
1992,BC,91.474,Confirmation au microscope
1993,BC,91.052,Confirmation au microscope
1994,BC,91.113,Confirmation au microscope
1995,BC,90.671,Confirmation au microscope
1996,BC,90.623,Confirmation au microscope
1997,BC,91.275,Confirmation au microscope
1998,BC,90.836,Confirmation au microscope
1999,BC,90.685,Confirmation au microscope
2000,BC,90.557,Confirmation au microscope
2001,BC,89.627,Confirmation au microscope
2002,BC,91.317,Confirmation au microscope
2003,BC,90.812,Confirmation au microscope
2004,BC,90.961,Confirmation au microscope
2005,BC,90.680,Confirmation au microscope
2006,BC,90.096,Confirmation au microscope
2007,BC,89.175,Confirmation au microscope
2008,BC,90.116,Confirmation au microscope
2009,BC,90.095,Confirmation au microscope
2010,BC,90.863,Confirmation au microscope
2011,BC,91.043,Confirmation au microscope
2012,BC,90.244,Confirmation au microscope
2013,BC,90.383,Confirmation au microscope
2014,BC,90.972,Confirmation au microscope
2015,BC,90.147,Confirmation au microscope
2016,BC,90.334,Confirmation au microscope
2017,BC,90.171,Confirmation au microscope
2018,BC,90.260,Confirmation au microscope
2019,BC,89.948,Confirmation au microscope
2020,BC,90.528,Confirmation au microscope
1992,YT,98.387,Confirmation au microscope
1993,YT,97.101,Confirmation au microscope
1994,YT,98.507,Confirmation au microscope
1995,YT,95.455,Confirmation au microscope
1996,YT,95.062,Confirmation au microscope
1997,YT,90.411,Confirmation au microscope
1998,YT,97.368,Confirmation au microscope
1999,YT,95.763,Confirmation au microscope
2000,YT,93.750,Confirmation au microscope
2001,YT,88.350,Confirmation au microscope
2002,YT,84.962,Confirmation au microscope
2003,YT,96.429,Confirmation au microscope
2004,YT,84.615,Confirmation au microscope
2005,YT,86.179,Confirmation au microscope
2006,YT,96.491,Confirmation au microscope
2007,YT,92.800,Confirmation au microscope
2008,YT,90.476,Confirmation au microscope
2009,YT,91.613,Confirmation au microscope
2010,YT,87.261,Confirmation au microscope
2011,YT,86.905,Confirmation au microscope
2012,YT,90.909,Confirmation au microscope
2013,YT,94.340,Confirmation au microscope
2014,YT,96.528,Confirmation au microscope
2015,YT,93.370,Confirmation au microscope
2016,YT,96.296,Confirmation au microscope
2017,YT,93.989,Confirmation au microscope
2018,YT,97.030,Confirmation au microscope
2019,YT,96.216,Confirmation au microscope
2020,YT,94.118,Confirmation au microscope
1992,NT,84.375,Confirmation au microscope
1993,NT,92.391,Confirmation au microscope
1994,NT,94.545,Confirmation au microscope
1995,NT,96.104,Confirmation au microscope
1996,NT,93.684,Confirmation au microscope
1997,NT,90.991,Confirmation au microscope
1998,NT,97.248,Confirmation au microscope
1999,NT,97.196,Confirmation au microscope
2000,NT,95.798,Confirmation au microscope
2001,NT,96.364,Confirmation au microscope
2002,NT,96.269,Confirmation au microscope
2003,NT,88.189,Confirmation au microscope
2004,NT,92.373,Confirmation au microscope
2005,NT,95.200,Confirmation au microscope
2006,NT,94.595,Confirmation au microscope
2007,NT,93.243,Confirmation au microscope
2008,NT,92.063,Confirmation au microscope
2009,NT,94.737,Confirmation au microscope
2010,NT,89.726,Confirmation au microscope
2011,NT,93.243,Confirmation au microscope
2012,NT,91.824,Confirmation au microscope
2013,NT,93.056,Confirmation au microscope
2014,NT,91.935,Confirmation au microscope
2015,NT,95.597,Confirmation au microscope
2016,NT,91.795,Confirmation au microscope
2017,NT,94.231,Confirmation au microscope
2018,NT,88.601,Confirmation au microscope
2019,NT,91.589,Confirmation au microscope
2020,NT,91.824,Confirmation au microscope
1992,NU,87.500,Confirmation au microscope
1993,NU,89.583,Confirmation au microscope
1994,NU,90.476,Confirmation au microscope
1995,NU,89.474,Confirmation au microscope
1996,NU,83.929,Confirmation au microscope
1997,NU,82.609,Confirmation au microscope
1998,NU,94.000,Confirmation au microscope
1999,NU,89.655,Confirmation au microscope
2000,NU,75.439,Confirmation au microscope
2001,NU,88.710,Confirmation au microscope
2002,NU,88.406,Confirmation au microscope
2003,NU,95.385,Confirmation au microscope
2004,NU,100.000,Confirmation au microscope
2005,NU,100.000,Confirmation au microscope
2006,NU,97.015,Confirmation au microscope
2007,NU,98.305,Confirmation au microscope
2008,NU,96.429,Confirmation au microscope
2009,NU,86.207,Confirmation au microscope
2010,NU,96.923,Confirmation au microscope
2011,NU,98.438,Confirmation au microscope
2012,NU,96.429,Confirmation au microscope
2013,NU,95.455,Confirmation au microscope
2014,NU,96.970,Confirmation au microscope
2015,NU,100.000,Confirmation au microscope
2016,NU,97.183,Confirmation au microscope
2017,NU,93.182,Confirmation au microscope
2018,NU,96.296,Confirmation au microscope
2019,NU,93.151,Confirmation au microscope
2020,NU,97.222,Confirmation au microscope
1992,Canada,2.931,Siège primaire inconnu
1993,Canada,2.754,Siège primaire inconnu
1994,Canada,2.265,Siège primaire inconnu
1995,Canada,2.978,Siège primaire inconnu
1996,Canada,2.900,Siège primaire inconnu
1997,Canada,2.823,Siège primaire inconnu
1998,Canada,2.886,Siège primaire inconnu
1999,Canada,2.892,Siège primaire inconnu
2000,Canada,2.699,Siège primaire inconnu
2001,Canada,2.789,Siège primaire inconnu
2002,Canada,2.595,Siège primaire inconnu
2003,Canada,2.760,Siège primaire inconnu
2004,Canada,2.664,Siège primaire inconnu
2005,Canada,2.479,Siège primaire inconnu
2006,Canada,2.654,Siège primaire inconnu
2007,Canada,2.428,Siège primaire inconnu
2008,Canada,2.455,Siège primaire inconnu
2009,Canada,2.304,Siège primaire inconnu
2010,Canada,1.633,Siège primaire inconnu
2011,Canada,1.349,Siège primaire inconnu
2012,Canada,1.289,Siège primaire inconnu
2013,Canada,1.520,Siège primaire inconnu
2014,Canada,1.400,Siège primaire inconnu
2015,Canada,1.301,Siège primaire inconnu
2016,Canada,1.560,Siège primaire inconnu
2017,Canada,1.518,Siège primaire inconnu
2018,Canada,1.392,Siège primaire inconnu
2019,Canada,1.486,Siège primaire inconnu
2020,Canada,1.443,Siège primaire inconnu
1992,NL,3.202,Siège primaire inconnu
1993,NL,2.416,Siège primaire inconnu
1994,NL,2.359,Siège primaire inconnu
1995,NL,3.157,Siège primaire inconnu
1996,NL,3.681,Siège primaire inconnu
1997,NL,3.537,Siège primaire inconnu
1998,NL,2.618,Siège primaire inconnu
1999,NL,3.511,Siège primaire inconnu
2000,NL,2.424,Siège primaire inconnu
2001,NL,3.118,Siège primaire inconnu
2002,NL,2.385,Siège primaire inconnu
2003,NL,2.239,Siège primaire inconnu
2004,NL,2.423,Siège primaire inconnu
2005,NL,2.399,Siège primaire inconnu
2006,NL,0.925,Siège primaire inconnu
2007,NL,2.510,Siège primaire inconnu
2008,NL,2.514,Siège primaire inconnu
2009,NL,2.082,Siège primaire inconnu
2010,NL,1.976,Siège primaire inconnu
2011,NL,1.972,Siège primaire inconnu
2012,NL,1.270,Siège primaire inconnu
2013,NL,1.235,Siège primaire inconnu
2014,NL,1.428,Siège primaire inconnu
2015,NL,1.012,Siège primaire inconnu
2016,NL,0.877,Siège primaire inconnu
2017,NL,1.175,Siège primaire inconnu
2018,NL,1.300,Siège primaire inconnu
2019,NL,1.746,Siège primaire inconnu
2020,NL,2.246,Siège primaire inconnu
1992,PE,2.882,Siège primaire inconnu
1993,PE,2.941,Siège primaire inconnu
1994,PE,2.430,Siège primaire inconnu
1995,PE,1.124,Siège primaire inconnu
1996,PE,3.305,Siège primaire inconnu
1997,PE,2.517,Siège primaire inconnu
1998,PE,1.757,Siège primaire inconnu
1999,PE,1.843,Siège primaire inconnu
2000,PE,1.554,Siège primaire inconnu
2001,PE,1.877,Siège primaire inconnu
2002,PE,2.009,Siège primaire inconnu
2003,PE,1.980,Siège primaire inconnu
2004,PE,1.133,Siège primaire inconnu
2005,PE,1.327,Siège primaire inconnu
2006,PE,1.868,Siège primaire inconnu
2007,PE,1.309,Siège primaire inconnu
2008,PE,2.007,Siège primaire inconnu
2009,PE,0.841,Siège primaire inconnu
2010,PE,1.451,Siège primaire inconnu
2011,PE,1.362,Siège primaire inconnu
2012,PE,1.753,Siège primaire inconnu
2013,PE,1.836,Siège primaire inconnu
2014,PE,1.816,Siège primaire inconnu
2015,PE,1.626,Siège primaire inconnu
2016,PE,1.571,Siège primaire inconnu
2017,PE,1.337,Siège primaire inconnu
2018,PE,2.152,Siège primaire inconnu
2019,PE,2.489,Siège primaire inconnu
2020,PE,2.218,Siège primaire inconnu
1992,NS,3.466,Siège primaire inconnu
1993,NS,3.267,Siège primaire inconnu
1994,NS,3.314,Siège primaire inconnu
1995,NS,3.656,Siège primaire inconnu
1996,NS,3.518,Siège primaire inconnu
1997,NS,3.654,Siège primaire inconnu
1998,NS,3.152,Siège primaire inconnu
1999,NS,2.989,Siège primaire inconnu
2000,NS,2.912,Siège primaire inconnu
2001,NS,2.974,Siège primaire inconnu
2002,NS,2.779,Siège primaire inconnu
2003,NS,2.694,Siège primaire inconnu
2004,NS,2.899,Siège primaire inconnu
2005,NS,2.385,Siège primaire inconnu
2006,NS,2.353,Siège primaire inconnu
2007,NS,2.281,Siège primaire inconnu
2008,NS,2.173,Siège primaire inconnu
2009,NS,2.688,Siège primaire inconnu
2010,NS,2.050,Siège primaire inconnu
2011,NS,2.208,Siège primaire inconnu
2012,NS,1.988,Siège primaire inconnu
2013,NS,2.038,Siège primaire inconnu
2014,NS,1.756,Siège primaire inconnu
2015,NS,1.766,Siège primaire inconnu
2016,NS,1.894,Siège primaire inconnu
2017,NS,1.559,Siège primaire inconnu
2018,NS,1.462,Siège primaire inconnu
2019,NS,0.970,Siège primaire inconnu
2020,NS,Pas de données,Siège primaire inconnu
1992,NB,2.555,Siège primaire inconnu
1993,NB,2.614,Siège primaire inconnu
1994,NB,2.050,Siège primaire inconnu
1995,NB,2.325,Siège primaire inconnu
1996,NB,2.051,Siège primaire inconnu
1997,NB,2.151,Siège primaire inconnu
1998,NB,1.703,Siège primaire inconnu
1999,NB,1.731,Siège primaire inconnu
2000,NB,1.636,Siège primaire inconnu
2001,NB,1.516,Siège primaire inconnu
2002,NB,1.296,Siège primaire inconnu
2003,NB,0.858,Siège primaire inconnu
2004,NB,1.036,Siège primaire inconnu
2005,NB,0.740,Siège primaire inconnu
2006,NB,0.623,Siège primaire inconnu
2007,NB,1.068,Siège primaire inconnu
2008,NB,1.308,Siège primaire inconnu
2009,NB,1.138,Siège primaire inconnu
2010,NB,1.253,Siège primaire inconnu
2011,NB,1.322,Siège primaire inconnu
2012,NB,1.417,Siège primaire inconnu
2013,NB,1.395,Siège primaire inconnu
2014,NB,1.026,Siège primaire inconnu
2015,NB,1.314,Siège primaire inconnu
2016,NB,1.454,Siège primaire inconnu
2017,NB,1.046,Siège primaire inconnu
2018,NB,1.044,Siège primaire inconnu
2019,NB,0.922,Siège primaire inconnu
2020,NB,1.113,Siège primaire inconnu
1992,QC,2.662,Siège primaire inconnu
1993,QC,2.443,Siège primaire inconnu
1994,QC,0.462,Siège primaire inconnu
1995,QC,2.600,Siège primaire inconnu
1996,QC,2.576,Siège primaire inconnu
1997,QC,2.423,Siège primaire inconnu
1998,QC,2.764,Siège primaire inconnu
1999,QC,2.623,Siège primaire inconnu
2000,QC,2.419,Siège primaire inconnu
2001,QC,2.433,Siège primaire inconnu
2002,QC,2.198,Siège primaire inconnu
2003,QC,2.227,Siège primaire inconnu
2004,QC,2.317,Siège primaire inconnu
2005,QC,2.187,Siège primaire inconnu
2006,QC,2.654,Siège primaire inconnu
2007,QC,2.874,Siège primaire inconnu
2008,QC,2.681,Siège primaire inconnu
2009,QC,2.701,Siège primaire inconnu
2010,QC,2.630,Siège primaire inconnu
2011,QC,1.734,Siège primaire inconnu
2012,QC,1.581,Siège primaire inconnu
2013,QC,1.604,Siège primaire inconnu
2014,QC,1.494,Siège primaire inconnu
2015,QC,1.497,Siège primaire inconnu
2016,QC,1.391,Siège primaire inconnu
2017,QC,1.433,Siège primaire inconnu
2018,QC,Pas de données,Siège primaire inconnu
2019,QC,Pas de données,Siège primaire inconnu
2020,QC,Pas de données,Siège primaire inconnu
1992,ON,3.465,Siège primaire inconnu
1993,ON,3.211,Siège primaire inconnu
1994,ON,3.264,Siège primaire inconnu
1995,ON,3.302,Siège primaire inconnu
1996,ON,3.301,Siège primaire inconnu
1997,ON,3.217,Siège primaire inconnu
1998,ON,3.289,Siège primaire inconnu
1999,ON,3.407,Siège primaire inconnu
2000,ON,3.272,Siège primaire inconnu
2001,ON,3.418,Siège primaire inconnu
2002,ON,3.185,Siège primaire inconnu
2003,ON,3.827,Siège primaire inconnu
2004,ON,3.452,Siège primaire inconnu
2005,ON,3.176,Siège primaire inconnu
2006,ON,3.398,Siège primaire inconnu
2007,ON,2.603,Siège primaire inconnu
2008,ON,2.750,Siège primaire inconnu
2009,ON,2.591,Siège primaire inconnu
2010,ON,1.039,Siège primaire inconnu
2011,ON,0.917,Siège primaire inconnu
2012,ON,0.971,Siège primaire inconnu
2013,ON,1.685,Siège primaire inconnu
2014,ON,1.587,Siège primaire inconnu
2015,ON,1.316,Siège primaire inconnu
2016,ON,2.038,Siège primaire inconnu
2017,ON,1.908,Siège primaire inconnu
2018,ON,1.651,Siège primaire inconnu
2019,ON,1.846,Siège primaire inconnu
2020,ON,1.547,Siège primaire inconnu
1992,MB,2.605,Siège primaire inconnu
1993,MB,2.177,Siège primaire inconnu
1994,MB,2.293,Siège primaire inconnu
1995,MB,2.838,Siège primaire inconnu
1996,MB,2.033,Siège primaire inconnu
1997,MB,2.407,Siège primaire inconnu
1998,MB,2.566,Siège primaire inconnu
1999,MB,2.698,Siège primaire inconnu
2000,MB,2.845,Siège primaire inconnu
2001,MB,2.481,Siège primaire inconnu
2002,MB,2.348,Siège primaire inconnu
2003,MB,1.882,Siège primaire inconnu
2004,MB,1.832,Siège primaire inconnu
2005,MB,2.131,Siège primaire inconnu
2006,MB,2.281,Siège primaire inconnu
2007,MB,2.116,Siège primaire inconnu
2008,MB,2.394,Siège primaire inconnu
2009,MB,1.905,Siège primaire inconnu
2010,MB,2.172,Siège primaire inconnu
2011,MB,1.837,Siège primaire inconnu
2012,MB,2.069,Siège primaire inconnu
2013,MB,1.835,Siège primaire inconnu
2014,MB,2.009,Siège primaire inconnu
2015,MB,1.840,Siège primaire inconnu
2016,MB,1.686,Siège primaire inconnu
2017,MB,1.774,Siège primaire inconnu
2018,MB,1.450,Siège primaire inconnu
2019,MB,1.453,Siège primaire inconnu
2020,MB,1.571,Siège primaire inconnu
1992,SK,2.409,Siège primaire inconnu
1993,SK,2.196,Siège primaire inconnu
1994,SK,3.050,Siège primaire inconnu
1995,SK,3.024,Siège primaire inconnu
1996,SK,3.053,Siège primaire inconnu
1997,SK,3.045,Siège primaire inconnu
1998,SK,3.176,Siège primaire inconnu
1999,SK,2.927,Siège primaire inconnu
2000,SK,2.352,Siège primaire inconnu
2001,SK,2.980,Siège primaire inconnu
2002,SK,2.446,Siège primaire inconnu
2003,SK,1.929,Siège primaire inconnu
2004,SK,2.162,Siège primaire inconnu
2005,SK,2.072,Siège primaire inconnu
2006,SK,2.480,Siège primaire inconnu
2007,SK,1.422,Siège primaire inconnu
2008,SK,1.731,Siège primaire inconnu
2009,SK,1.153,Siège primaire inconnu
2010,SK,1.199,Siège primaire inconnu
2011,SK,0.830,Siège primaire inconnu
2012,SK,1.094,Siège primaire inconnu
2013,SK,0.871,Siège primaire inconnu
2014,SK,0.728,Siège primaire inconnu
2015,SK,0.863,Siège primaire inconnu
2016,SK,0.962,Siège primaire inconnu
2017,SK,1.287,Siège primaire inconnu
2018,SK,1.008,Siège primaire inconnu
2019,SK,1.021,Siège primaire inconnu
2020,SK,0.839,Siège primaire inconnu
1992,AB,2.513,Siège primaire inconnu
1993,AB,2.674,Siège primaire inconnu
1994,AB,2.461,Siège primaire inconnu
1995,AB,2.626,Siège primaire inconnu
1996,AB,2.532,Siège primaire inconnu
1997,AB,2.360,Siège primaire inconnu
1998,AB,2.316,Siège primaire inconnu
1999,AB,2.172,Siège primaire inconnu
2000,AB,2.162,Siège primaire inconnu
2001,AB,2.221,Siège primaire inconnu
2002,AB,1.948,Siège primaire inconnu
2003,AB,1.897,Siège primaire inconnu
2004,AB,1.684,Siège primaire inconnu
2005,AB,1.645,Siège primaire inconnu
2006,AB,1.531,Siège primaire inconnu
2007,AB,1.713,Siège primaire inconnu
2008,AB,1.777,Siège primaire inconnu
2009,AB,1.352,Siège primaire inconnu
2010,AB,1.250,Siège primaire inconnu
2011,AB,1.207,Siège primaire inconnu
2012,AB,1.068,Siège primaire inconnu
2013,AB,1.165,Siège primaire inconnu
2014,AB,1.038,Siège primaire inconnu
2015,AB,1.019,Siège primaire inconnu
2016,AB,1.067,Siège primaire inconnu
2017,AB,1.060,Siège primaire inconnu
2018,AB,0.961,Siège primaire inconnu
2019,AB,0.875,Siège primaire inconnu
2020,AB,1.038,Siège primaire inconnu
1992,BC,2.547,Siège primaire inconnu
1993,BC,2.590,Siège primaire inconnu
1994,BC,2.889,Siège primaire inconnu
1995,BC,3.229,Siège primaire inconnu
1996,BC,2.941,Siège primaire inconnu
1997,BC,2.839,Siège primaire inconnu
1998,BC,2.766,Siège primaire inconnu
1999,BC,2.870,Siège primaire inconnu
2000,BC,2.478,Siège primaire inconnu
2001,BC,2.554,Siège primaire inconnu
2002,BC,2.741,Siège primaire inconnu
2003,BC,2.790,Siège primaire inconnu
2004,BC,2.805,Siège primaire inconnu
2005,BC,2.513,Siège primaire inconnu
2006,BC,2.480,Siège primaire inconnu
2007,BC,2.263,Siège primaire inconnu
2008,BC,2.216,Siège primaire inconnu
2009,BC,2.041,Siège primaire inconnu
2010,BC,1.527,Siège primaire inconnu
2011,BC,1.646,Siège primaire inconnu
2012,BC,1.344,Siège primaire inconnu
2013,BC,1.068,Siège primaire inconnu
2014,BC,0.800,Siège primaire inconnu
2015,BC,0.890,Siège primaire inconnu
2016,BC,0.906,Siège primaire inconnu
2017,BC,0.908,Siège primaire inconnu
2018,BC,1.018,Siège primaire inconnu
2019,BC,1.110,Siège primaire inconnu
2020,BC,1.470,Siège primaire inconnu
1992,YT,9.677,Siège primaire inconnu
1993,YT,4.348,Siège primaire inconnu
1994,YT,4.478,Siège primaire inconnu
1995,YT,1.515,Siège primaire inconnu
1996,YT,4.938,Siège primaire inconnu
1997,YT,4.110,Siège primaire inconnu
1998,YT,9.211,Siège primaire inconnu
1999,YT,5.085,Siège primaire inconnu
2000,YT,3.125,Siège primaire inconnu
2001,YT,6.796,Siège primaire inconnu
2002,YT,3.759,Siège primaire inconnu
2003,YT,2.679,Siège primaire inconnu
2004,YT,2.308,Siège primaire inconnu
2005,YT,3.252,Siège primaire inconnu
2006,YT,0.000,Siège primaire inconnu
2007,YT,4.800,Siège primaire inconnu
2008,YT,3.810,Siège primaire inconnu
2009,YT,2.581,Siège primaire inconnu
2010,YT,4.459,Siège primaire inconnu
2011,YT,1.190,Siège primaire inconnu
2012,YT,0.649,Siège primaire inconnu
2013,YT,0.629,Siège primaire inconnu
2014,YT,0.694,Siège primaire inconnu
2015,YT,1.105,Siège primaire inconnu
2016,YT,2.116,Siège primaire inconnu
2017,YT,0.546,Siège primaire inconnu
2018,YT,0.495,Siège primaire inconnu
2019,YT,0.000,Siège primaire inconnu
2020,YT,0.535,Siège primaire inconnu
1992,NT,0.000,Siège primaire inconnu
1993,NT,0.000,Siège primaire inconnu
1994,NT,0.000,Siège primaire inconnu
1995,NT,1.299,Siège primaire inconnu
1996,NT,0.000,Siège primaire inconnu
1997,NT,0.000,Siège primaire inconnu
1998,NT,1.835,Siège primaire inconnu
1999,NT,0.000,Siège primaire inconnu
2000,NT,0.840,Siège primaire inconnu
2001,NT,2.727,Siège primaire inconnu
2002,NT,0.746,Siège primaire inconnu
2003,NT,0.000,Siège primaire inconnu
2004,NT,1.695,Siège primaire inconnu
2005,NT,0.800,Siège primaire inconnu
2006,NT,0.901,Siège primaire inconnu
2007,NT,0.676,Siège primaire inconnu
2008,NT,1.587,Siège primaire inconnu
2009,NT,1.316,Siège primaire inconnu
2010,NT,4.795,Siège primaire inconnu
2011,NT,0.000,Siège primaire inconnu
2012,NT,1.258,Siège primaire inconnu
2013,NT,2.778,Siège primaire inconnu
2014,NT,1.613,Siège primaire inconnu
2015,NT,0.629,Siège primaire inconnu
2016,NT,3.590,Siège primaire inconnu
2017,NT,0.000,Siège primaire inconnu
2018,NT,1.036,Siège primaire inconnu
2019,NT,0.467,Siège primaire inconnu
2020,NT,1.258,Siège primaire inconnu
1992,NU,2.083,Siège primaire inconnu
1993,NU,2.083,Siège primaire inconnu
1994,NU,2.381,Siège primaire inconnu
1995,NU,0.000,Siège primaire inconnu
1996,NU,0.000,Siège primaire inconnu
1997,NU,0.000,Siège primaire inconnu
1998,NU,2.000,Siège primaire inconnu
1999,NU,1.724,Siège primaire inconnu
2000,NU,0.000,Siège primaire inconnu
2001,NU,0.000,Siège primaire inconnu
2002,NU,1.449,Siège primaire inconnu
2003,NU,1.538,Siège primaire inconnu
2004,NU,5.769,Siège primaire inconnu
2005,NU,0.000,Siège primaire inconnu
2006,NU,4.478,Siège primaire inconnu
2007,NU,1.695,Siège primaire inconnu
2008,NU,3.571,Siège primaire inconnu
2009,NU,6.897,Siège primaire inconnu
2010,NU,0.000,Siège primaire inconnu
2011,NU,1.563,Siège primaire inconnu
2012,NU,0.000,Siège primaire inconnu
2013,NU,0.000,Siège primaire inconnu
2014,NU,3.030,Siège primaire inconnu
2015,NU,0.000,Siège primaire inconnu
2016,NU,0.000,Siège primaire inconnu
2017,NU,0.000,Siège primaire inconnu
2018,NU,0.000,Siège primaire inconnu
2019,NU,4.110,Siège primaire inconnu
2020,NU,2.778,Siège primaire inconnu
1996,Canada,100.751,Détermination de cas
1997,Canada,103.061,Détermination de cas
1998,Canada,105.416,Détermination de cas
1999,Canada,105.640,Détermination de cas
2000,Canada,105.894,Détermination de cas
2001,Canada,105.170,Détermination de cas
2002,Canada,103.678,Détermination de cas
2003,Canada,102.796,Détermination de cas
2004,Canada,104.121,Détermination de cas
2005,Canada,105.190,Détermination de cas
2006,Canada,106.856,Détermination de cas
2007,Canada,107.013,Détermination de cas
2008,Canada,103.699,Détermination de cas
2009,Canada,103.936,Détermination de cas
2010,Canada,109.975,Détermination de cas
2011,Canada,111.321,Détermination de cas
2012,Canada,109.434,Détermination de cas
2013,Canada,102.947,Détermination de cas
2014,Canada,101.507,Détermination de cas
2015,Canada,102.545,Détermination de cas
2016,Canada,104.024,Détermination de cas
2017,Canada,104.512,Détermination de cas
2018,Canada,101.475,Détermination de cas
2019,Canada,101.293,Détermination de cas
2020,Canada,94.394,Détermination de cas
1996,NL,89.650,Détermination de cas
1997,NL,88.272,Détermination de cas
1998,NL,87.966,Détermination de cas
1999,NL,84.267,Détermination de cas
2000,NL,86.734,Détermination de cas
2001,NL,87.584,Détermination de cas
2002,NL,81.519,Détermination de cas
2003,NL,87.237,Détermination de cas
2004,NL,91.340,Détermination de cas
2005,NL,89.123,Détermination de cas
2006,NL,102.475,Détermination de cas
2007,NL,101.714,Détermination de cas
2008,NL,104.827,Détermination de cas
2009,NL,104.036,Détermination de cas
2010,NL,102.124,Détermination de cas
2011,NL,101.392,Détermination de cas
2012,NL,97.403,Détermination de cas
2013,NL,94.048,Détermination de cas
2014,NL,93.520,Détermination de cas
2015,NL,96.361,Détermination de cas
2016,NL,101.396,Détermination de cas
2017,NL,97.818,Détermination de cas
2018,NL,95.372,Détermination de cas
2019,NL,92.569,Détermination de cas
2020,NL,88.125,Détermination de cas
1996,PE,98.561,Détermination de cas
1997,PE,106.657,Détermination de cas
1998,PE,117.659,Détermination de cas
1999,PE,112.165,Détermination de cas
2000,PE,103.250,Détermination de cas
2001,PE,112.272,Détermination de cas
2002,PE,108.491,Détermination de cas
2003,PE,119.082,Détermination de cas
2004,PE,111.114,Détermination de cas
2005,PE,108.566,Détermination de cas
2006,PE,107.595,Détermination de cas
2007,PE,120.306,Détermination de cas
2008,PE,109.970,Détermination de cas
2009,PE,107.006,Détermination de cas
2010,PE,103.227,Détermination de cas
2011,PE,106.241,Détermination de cas
2012,PE,110.977,Détermination de cas
2013,PE,99.972,Détermination de cas
2014,PE,100.169,Détermination de cas
2015,PE,106.427,Détermination de cas
2016,PE,105.983,Détermination de cas
2017,PE,105.680,Détermination de cas
2018,PE,90.629,Détermination de cas
2019,PE,97.862,Détermination de cas
2020,PE,100.147,Détermination de cas
1996,NS,98.148,Détermination de cas
1997,NS,98.897,Détermination de cas
1998,NS,108.575,Détermination de cas
1999,NS,110.970,Détermination de cas
2000,NS,109.250,Détermination de cas
2001,NS,109.685,Détermination de cas
2002,NS,106.942,Détermination de cas
2003,NS,101.939,Détermination de cas
2004,NS,105.390,Détermination de cas
2005,NS,106.788,Détermination de cas
2006,NS,116.382,Détermination de cas
2007,NS,112.056,Détermination de cas
2008,NS,105.321,Détermination de cas
2009,NS,101.960,Détermination de cas
2010,NS,104.717,Détermination de cas
2011,NS,97.695,Détermination de cas
2012,NS,100.669,Détermination de cas
2013,NS,98.390,Détermination de cas
2014,NS,97.141,Détermination de cas
2015,NS,96.863,Détermination de cas
2016,NS,96.935,Détermination de cas
2017,NS,98.683,Détermination de cas
2018,NS,93.615,Détermination de cas
2019,NS,73.895,Détermination de cas
2020,NS,Pas de données,Détermination de cas
1996,NB,103.036,Détermination de cas
1997,NB,107.395,Détermination de cas
1998,NB,107.062,Détermination de cas
1999,NB,110.868,Détermination de cas
2000,NB,109.123,Détermination de cas
2001,NB,108.170,Détermination de cas
2002,NB,105.404,Détermination de cas
2003,NB,103.448,Détermination de cas
2004,NB,105.205,Détermination de cas
2005,NB,115.842,Détermination de cas
2006,NB,117.570,Détermination de cas
2007,NB,118.684,Détermination de cas
2008,NB,113.066,Détermination de cas
2009,NB,108.421,Détermination de cas
2010,NB,108.240,Détermination de cas
2011,NB,107.635,Détermination de cas
2012,NB,103.909,Détermination de cas
2013,NB,106.681,Détermination de cas
2014,NB,98.527,Détermination de cas
2015,NB,98.469,Détermination de cas
2016,NB,100.775,Détermination de cas
2017,NB,100.297,Détermination de cas
2018,NB,94.906,Détermination de cas
2019,NB,94.701,Détermination de cas
2020,NB,95.243,Détermination de cas
1996,QC,102.002,Détermination de cas
1997,QC,100.826,Détermination de cas
1998,QC,105.609,Détermination de cas
1999,QC,104.888,Détermination de cas
2000,QC,109.542,Détermination de cas
2001,QC,108.612,Détermination de cas
2002,QC,106.810,Détermination de cas
2003,QC,109.739,Détermination de cas
2004,QC,111.353,Détermination de cas
2005,QC,110.375,Détermination de cas
2006,QC,110.353,Détermination de cas
2007,QC,108.643,Détermination de cas
2008,QC,107.672,Détermination de cas
2009,QC,108.091,Détermination de cas
2010,QC,115.980,Détermination de cas
2011,QC,121.637,Détermination de cas
2012,QC,122.781,Détermination de cas
2013,QC,105.077,Détermination de cas
2014,QC,105.683,Détermination de cas
2015,QC,105.777,Détermination de cas
2016,QC,109.293,Détermination de cas
2017,QC,108.899,Détermination de cas
2018,QC,Pas de données,Détermination de cas
2019,QC,Pas de données,Détermination de cas
2020,QC,Pas de données,Détermination de cas
1996,ON,96.230,Détermination de cas
1997,ON,102.062,Détermination de cas
1998,ON,103.448,Détermination de cas
1999,ON,101.668,Détermination de cas
2000,ON,100.336,Détermination de cas
2001,ON,99.991,Détermination de cas
2002,ON,98.826,Détermination de cas
2003,ON,96.374,Détermination de cas
2004,ON,99.581,Détermination de cas
2005,ON,102.262,Détermination de cas
2006,ON,102.873,Détermination de cas
2007,ON,104.545,Détermination de cas
2008,ON,99.693,Détermination de cas
2009,ON,99.754,Détermination de cas
2010,ON,112.229,Détermination de cas
2011,ON,110.611,Détermination de cas
2012,ON,106.896,Détermination de cas
2013,ON,104.386,Détermination de cas
2014,ON,102.167,Détermination de cas
2015,ON,104.067,Détermination de cas
2016,ON,104.483,Détermination de cas
2017,ON,107.347,Détermination de cas
2018,ON,104.193,Détermination de cas
2019,ON,103.624,Détermination de cas
2020,ON,94.205,Détermination de cas
1996,MB,103.181,Détermination de cas
1997,MB,107.251,Détermination de cas
1998,MB,105.317,Détermination de cas
1999,MB,107.418,Détermination de cas
2000,MB,109.454,Détermination de cas
2001,MB,108.179,Détermination de cas
2002,MB,108.034,Détermination de cas
2003,MB,101.008,Détermination de cas
2004,MB,104.133,Détermination de cas
2005,MB,101.950,Détermination de cas
2006,MB,106.275,Détermination de cas
2007,MB,105.223,Détermination de cas
2008,MB,101.728,Détermination de cas
2009,MB,104.927,Détermination de cas
2010,MB,101.995,Détermination de cas
2011,MB,104.735,Détermination de cas
2012,MB,97.570,Détermination de cas
2013,MB,97.968,Détermination de cas
2014,MB,91.988,Détermination de cas
2015,MB,91.619,Détermination de cas
2016,MB,93.627,Détermination de cas
2017,MB,93.558,Détermination de cas
2018,MB,98.580,Détermination de cas
2019,MB,97.807,Détermination de cas
2020,MB,95.970,Détermination de cas
1996,SK,100.252,Détermination de cas
1997,SK,102.290,Détermination de cas
1998,SK,105.538,Détermination de cas
1999,SK,107.361,Détermination de cas
2000,SK,105.281,Détermination de cas
2001,SK,107.796,Détermination de cas
2002,SK,104.968,Détermination de cas
2003,SK,103.910,Détermination de cas
2004,SK,106.946,Détermination de cas
2005,SK,106.082,Détermination de cas
2006,SK,105.671,Détermination de cas
2007,SK,108.317,Détermination de cas
2008,SK,106.602,Détermination de cas
2009,SK,106.697,Détermination de cas
2010,SK,101.852,Détermination de cas
2011,SK,101.577,Détermination de cas
2012,SK,99.312,Détermination de cas
2013,SK,100.806,Détermination de cas
2014,SK,96.300,Détermination de cas
2015,SK,95.826,Détermination de cas
2016,SK,97.980,Détermination de cas
2017,SK,97.015,Détermination de cas
2018,SK,92.792,Détermination de cas
2019,SK,96.466,Détermination de cas
2020,SK,90.698,Détermination de cas
1996,AB,105.706,Détermination de cas
1997,AB,106.372,Détermination de cas
1998,AB,109.109,Détermination de cas
1999,AB,114.422,Détermination de cas
2000,AB,112.597,Détermination de cas
2001,AB,110.936,Détermination de cas
2002,AB,111.474,Détermination de cas
2003,AB,110.640,Détermination de cas
2004,AB,108.597,Détermination de cas
2005,AB,107.596,Détermination de cas
2006,AB,109.790,Détermination de cas
2007,AB,108.502,Détermination de cas
2008,AB,107.523,Détermination de cas
2009,AB,107.516,Détermination de cas
2010,AB,104.912,Détermination de cas
2011,AB,108.798,Détermination de cas
2012,AB,106.174,Détermination de cas
2013,AB,100.396,Détermination de cas
2014,AB,103.900,Détermination de cas
2015,AB,105.485,Détermination de cas
2016,AB,106.426,Détermination de cas
2017,AB,104.368,Détermination de cas
2018,AB,104.830,Détermination de cas
2019,AB,107.344,Détermination de cas
2020,AB,96.944,Détermination de cas
1996,BC,110.117,Détermination de cas
1997,BC,110.226,Détermination de cas
1998,BC,109.897,Détermination de cas
1999,BC,113.130,Détermination de cas
2000,BC,111.260,Détermination de cas
2001,BC,109.629,Détermination de cas
2002,BC,107.544,Détermination de cas
2003,BC,105.655,Détermination de cas
2004,BC,101.754,Détermination de cas
2005,BC,104.133,Détermination de cas
2006,BC,107.700,Détermination de cas
2007,BC,108.131,Détermination de cas
2008,BC,103.689,Détermination de cas
2009,BC,105.002,Détermination de cas
2010,BC,102.972,Détermination de cas
2011,BC,104.712,Détermination de cas
2012,BC,103.860,Détermination de cas
2013,BC,100.586,Détermination de cas
2014,BC,97.003,Détermination de cas
2015,BC,97.634,Détermination de cas
2016,BC,98.074,Détermination de cas
2017,BC,95.811,Détermination de cas
2018,BC,98.475,Détermination de cas
2019,BC,101.513,Détermination de cas
2020,BC,94.092,Détermination de cas
1996,YT,94.727,Détermination de cas
1997,YT,73.576,Détermination de cas
1998,YT,82.952,Détermination de cas
1999,YT,115.866,Détermination de cas
2000,YT,97.343,Détermination de cas
2001,YT,92.267,Détermination de cas
2002,YT,129.399,Détermination de cas
2003,YT,80.636,Détermination de cas
2004,YT,90.902,Détermination de cas
2005,YT,99.819,Détermination de cas
2006,YT,68.729,Détermination de cas
2007,YT,75.641,Détermination de cas
2008,YT,62.985,Détermination de cas
2009,YT,91.785,Détermination de cas
2010,YT,98.480,Détermination de cas
2011,YT,81.253,Détermination de cas
2012,YT,78.934,Détermination de cas
2013,YT,75.778,Détermination de cas
2014,YT,65.951,Détermination de cas
2015,YT,98.030,Détermination de cas
2016,YT,95.611,Détermination de cas
2017,YT,125.949,Détermination de cas
2018,YT,222.237,Détermination de cas
2019,YT,Pas de données,Détermination de cas
2020,YT,Pas de données,Détermination de cas
1996,NT,71.286,Détermination de cas
1997,NT,79.091,Détermination de cas
1998,NT,77.941,Détermination de cas
1999,NT,78.905,Détermination de cas
2000,NT,94.394,Détermination de cas
2001,NT,87.859,Détermination de cas
2002,NT,129.630,Détermination de cas
2003,NT,110.528,Détermination de cas
2004,NT,98.044,Détermination de cas
2005,NT,88.660,Détermination de cas
2006,NT,94.939,Détermination de cas
2007,NT,125.168,Détermination de cas
2008,NT,99.276,Détermination de cas
2009,NT,121.024,Détermination de cas
2010,NT,97.847,Détermination de cas
2011,NT,94.332,Détermination de cas
2012,NT,97.313,Détermination de cas
2013,NT,85.584,Détermination de cas
2014,NT,105.190,Détermination de cas
2015,NT,92.468,Détermination de cas
2016,NT,88.272,Détermination de cas
2017,NT,103.347,Détermination de cas
2018,NT,84.324,Détermination de cas
2019,NT,107.701,Détermination de cas
2020,NT,68.883,Détermination de cas
1996,NU,Pas de données,Détermination de cas
1997,NU,Pas de données,Détermination de cas
1998,NU,Pas de données,Détermination de cas
1999,NU,302.820,Détermination de cas
2000,NU,207.885,Détermination de cas
2001,NU,114.896,Détermination de cas
2002,NU,132.722,Détermination de cas
2003,NU,140.449,Détermination de cas
2004,NU,66.350,Détermination de cas
2005,NU,125.285,Détermination de cas
2006,NU,87.573,Détermination de cas
2007,NU,74.727,Détermination de cas
2008,NU,60.685,Détermination de cas
2009,NU,89.376,Détermination de cas
2010,NU,95.402,Détermination de cas
2011,NU,80.889,Détermination de cas
2012,NU,71.442,Détermination de cas
2013,NU,48.378,Détermination de cas
2014,NU,55.217,Détermination de cas
2015,NU,70.269,Détermination de cas
2016,NU,84.084,Détermination de cas
2017,NU,86.079,Détermination de cas
2018,NU,91.212,Détermination de cas
2019,NU,71.733,Détermination de cas
2020,NU,57.931,Détermination de cas
2013,Canada,0.017,Retard dans la présentation
2014,Canada,0.033,Retard dans la présentation
2015,Canada,0.013,Retard dans la présentation
2016,Canada,0.032,Retard dans la présentation
2017,Canada,0.036,Retard dans la présentation
2018,Canada,0.002,Retard dans la présentation
2019,Canada,0.029,Retard dans la présentation
2013,NL,0.010,Retard dans la présentation
2014,NL,0.013,Retard dans la présentation
2015,NL,0.012,Retard dans la présentation
2016,NL,0.007,Retard dans la présentation
2017,NL,0.010,Retard dans la présentation
2018,NL,0.017,Retard dans la présentation
2019,NL,0.006,Retard dans la présentation
2013,PE,0.057,Retard dans la présentation
2014,PE,0.015,Retard dans la présentation
2015,PE,0.010,Retard dans la présentation
2016,PE,0.033,Retard dans la présentation
2017,PE,0.032,Retard dans la présentation
2018,PE,0.015,Retard dans la présentation
2019,PE,0.003,Retard dans la présentation
2013,NS,0.022,Retard dans la présentation
2014,NS,0.099,Retard dans la présentation
2015,NS,0.042,Retard dans la présentation
2016,NS,0.032,Retard dans la présentation
2017,NS,0.079,Retard dans la présentation
2018,NS,-0.001,Retard dans la présentation
2019,NS,Pas de données,Retard dans la présentation
2013,NB,0.027,Retard dans la présentation
2014,NB,0.029,Retard dans la présentation
2015,NB,0.027,Retard dans la présentation
2016,NB,0.027,Retard dans la présentation
2017,NB,0.026,Retard dans la présentation
2018,NB,0.016,Retard dans la présentation
2019,NB,0.009,Retard dans la présentation
2013,QC,Pas de données,Retard dans la présentation
2014,QC,Pas de données,Retard dans la présentation
2015,QC,Pas de données,Retard dans la présentation
2016,QC,Pas de données,Retard dans la présentation
2017,QC,Pas de données,Retard dans la présentation
2018,QC,Pas de données,Retard dans la présentation
2019,QC,Pas de données,Retard dans la présentation
2013,ON,-0.004,Retard dans la présentation
2014,ON,0.016,Retard dans la présentation
2015,ON,0.002,Retard dans la présentation
2016,ON,0.042,Retard dans la présentation
2017,ON,0.039,Retard dans la présentation
2018,ON,-0.009,Retard dans la présentation
2019,ON,-0.010,Retard dans la présentation
2013,MB,0.008,Retard dans la présentation
2014,MB,0.012,Retard dans la présentation
2015,MB,0.008,Retard dans la présentation
2016,MB,0.020,Retard dans la présentation
2017,MB,0.052,Retard dans la présentation
2018,MB,0.039,Retard dans la présentation
2019,MB,0.021,Retard dans la présentation
2013,SK,0.028,Retard dans la présentation
2014,SK,0.034,Retard dans la présentation
2015,SK,0.026,Retard dans la présentation
2016,SK,0.020,Retard dans la présentation
2017,SK,0.032,Retard dans la présentation
2018,SK,0.011,Retard dans la présentation
2019,SK,0.012,Retard dans la présentation
2013,AB,0.020,Retard dans la présentation
2014,AB,0.026,Retard dans la présentation
2015,AB,0.025,Retard dans la présentation
2016,AB,0.036,Retard dans la présentation
2017,AB,0.036,Retard dans la présentation
2018,AB,0.011,Retard dans la présentation
2019,AB,0.011,Retard dans la présentation
2013,BC,0.076,Retard dans la présentation
2014,BC,0.086,Retard dans la présentation
2015,BC,0.028,Retard dans la présentation
2016,BC,0.008,Retard dans la présentation
2017,BC,0.014,Retard dans la présentation
2018,BC,0.016,Retard dans la présentation
2019,BC,0.005,Retard dans la présentation
2013,YT,0.069,Retard dans la présentation
2014,YT,0.099,Retard dans la présentation
2015,YT,0.018,Retard dans la présentation
2016,YT,0.103,Retard dans la présentation
2017,YT,0.028,Retard dans la présentation
2018,YT,0.015,Retard dans la présentation
2019,YT,0.005,Retard dans la présentation
2013,NT,0.029,Retard dans la présentation
2014,NT,0.028,Retard dans la présentation
2015,NT,0.032,Retard dans la présentation
2016,NT,0.016,Retard dans la présentation
2017,NT,0.060,Retard dans la présentation
2018,NT,0.038,Retard dans la présentation
2019,NT,0.005,Retard dans la présentation
2013,NU,0.000,Retard dans la présentation
2014,NU,0.000,Retard dans la présentation
2015,NU,0.056,Retard dans la présentation
2016,NU,0.056,Retard dans la présentation
2017,NU,0.011,Retard dans la présentation
2018,NU,0.000,Retard dans la présentation
2019,NU,0.014,Retard dans la présentation
2018,Canada,82.507,Stade - colorectal
2019,Canada,89.388,Stade - colorectal
2020,Canada,73.385,Stade - colorectal
2018,NL,73.974,Stade - colorectal
2019,NL,99.319,Stade - colorectal
2020,NL,95.161,Stade - colorectal
2018,PE,100.000,Stade - colorectal
2019,PE,100.000,Stade - colorectal
2020,PE,100.000,Stade - colorectal
2018,NS,94.548,Stade - colorectal
2019,NS,0.558,Stade - colorectal
2020,NS,0.000,Stade - colorectal
2018,NB,95.666,Stade - colorectal
2019,NB,93.231,Stade - colorectal
2020,NB,94.991,Stade - colorectal
2018,QC,0.000,Stade - colorectal
2019,QC,0.000,Stade - colorectal
2020,QC,0.000,Stade - colorectal
2018,ON,70.917,Stade - colorectal
2019,ON,88.052,Stade - colorectal
2020,ON,51.073,Stade - colorectal
2018,MB,97.622,Stade - colorectal
2019,MB,97.674,Stade - colorectal
2020,MB,97.124,Stade - colorectal
2018,SK,92.776,Stade - colorectal
2019,SK,95.218,Stade - colorectal
2020,SK,92.144,Stade - colorectal
2018,AB,100.000,Stade - colorectal
2019,AB,100.000,Stade - colorectal
2020,AB,100.000,Stade - colorectal
2018,BC,99.767,Stade - colorectal
2019,BC,99.872,Stade - colorectal
2020,BC,99.964,Stade - colorectal
2018,YT,97.436,Stade - colorectal
2019,YT,93.939,Stade - colorectal
2020,YT,100.000,Stade - colorectal
2018,NT,100.000,Stade - colorectal
2019,NT,100.000,Stade - colorectal
2020,NT,100.000,Stade - colorectal
2018,NU,63.636,Stade - colorectal
2019,NU,60.000,Stade - colorectal
2020,NU,90.000,Stade - colorectal
2018,Canada,90.745,Stade - poumon
2019,Canada,93.297,Stade - poumon
2020,Canada,76.891,Stade - poumon
2018,NL,96.893,Stade - poumon
2019,NL,99.609,Stade - poumon
2020,NL,99.588,Stade - poumon
2018,PE,100.000,Stade - poumon
2019,PE,100.000,Stade - poumon
2020,PE,100.000,Stade - poumon
2018,NS,98.515,Stade - poumon
2019,NS,32.199,Stade - poumon
2020,NS,0.000,Stade - poumon
2018,NB,98.807,Stade - poumon
2019,NB,99.373,Stade - poumon
2020,NB,100.000,Stade - poumon
2018,QC,0.000,Stade - poumon
2019,QC,0.000,Stade - poumon
2020,QC,0.000,Stade - poumon
2018,ON,90.304,Stade - poumon
2019,ON,92.338,Stade - poumon
2020,ON,53.852,Stade - poumon
2018,MB,99.096,Stade - poumon
2019,MB,99.578,Stade - poumon
2020,MB,98.587,Stade - poumon
2018,SK,0.000,Stade - poumon
2019,SK,99.874,Stade - poumon
2020,SK,100.000,Stade - poumon
2018,AB,100.000,Stade - poumon
2019,AB,100.000,Stade - poumon
2020,AB,100.000,Stade - poumon
2018,BC,99.906,Stade - poumon
2019,BC,99.917,Stade - poumon
2020,BC,99.878,Stade - poumon
2018,YT,100.000,Stade - poumon
2019,YT,88.235,Stade - poumon
2020,YT,100.000,Stade - poumon
2018,NT,100.000,Stade - poumon
2019,NT,100.000,Stade - poumon
2020,NT,100.000,Stade - poumon
2018,NU,86.364,Stade - poumon
2019,NU,87.500,Stade - poumon
2020,NU,85.714,Stade - poumon
2018,Canada,87.318,Stade - sein
2019,Canada,87.234,Stade - sein
2020,Canada,72.742,Stade - sein
2018,NL,97.597,Stade - sein
2019,NL,97.547,Stade - sein
2020,NL,41.502,Stade - sein
2018,PE,100.000,Stade - sein
2019,PE,100.000,Stade - sein
2020,PE,100.000,Stade - sein
2018,NS,99.889,Stade - sein
2019,NS,0.214,Stade - sein
2020,NS,0.000,Stade - sein
2018,NB,99.855,Stade - sein
2019,NB,99.825,Stade - sein
2020,NB,99.357,Stade - sein
2018,QC,0.000,Stade - sein
2019,QC,0.000,Stade - sein
2020,QC,0.000,Stade - sein
2018,ON,82.581,Stade - sein
2019,ON,82.541,Stade - sein
2020,ON,50.924,Stade - sein
2018,MB,99.111,Stade - sein
2019,MB,99.362,Stade - sein
2020,MB,99.693,Stade - sein
2018,SK,0.000,Stade - sein
2019,SK,99.446,Stade - sein
2020,SK,99.482,Stade - sein
2018,AB,100.000,Stade - sein
2019,AB,100.000,Stade - sein
2020,AB,100.000,Stade - sein
2018,BC,99.954,Stade - sein
2019,BC,99.935,Stade - sein
2020,BC,100.000,Stade - sein
2018,YT,96.000,Stade - sein
2019,YT,95.652,Stade - sein
2020,YT,100.000,Stade - sein
2018,NT,100.000,Stade - sein
2019,NT,100.000,Stade - sein
2020,NT,100.000,Stade - sein
2018,NU,66.667,Stade - sein
2019,NU,28.571,Stade - sein
2020,NU,100.000,Stade - sein
2018,Canada,82.036,Stade - col de l'utérus
2019,Canada,87.137,Stade - col de l'utérus
2020,Canada,66.498,Stade - col de l'utérus
2018,NL,95.455,Stade - col de l'utérus
2019,NL,100.000,Stade - col de l'utérus
2020,NL,0.000,Stade - col de l'utérus
2018,PE,100.000,Stade - col de l'utérus
2019,PE,100.000,Stade - col de l'utérus
2020,PE,100.000,Stade - col de l'utérus
2018,NS,0.000,Stade - col de l'utérus
2019,NS,0.000,Stade - col de l'utérus
2020,NS,0.000,Stade - col de l'utérus
2018,NB,0.000,Stade - col de l'utérus
2019,NB,100.000,Stade - col de l'utérus
2020,NB,97.222,Stade - col de l'utérus
2018,QC,0.000,Stade - col de l'utérus
2019,QC,0.000,Stade - col de l'utérus
2020,QC,0.000,Stade - col de l'utérus
2018,ON,86.570,Stade - col de l'utérus
2019,ON,90.994,Stade - col de l'utérus
2020,ON,45.378,Stade - col de l'utérus
2018,MB,100.000,Stade - col de l'utérus
2019,MB,100.000,Stade - col de l'utérus
2020,MB,100.000,Stade - col de l'utérus
2018,SK,0.000,Stade - col de l'utérus
2019,SK,0.000,Stade - col de l'utérus
2020,SK,0.000,Stade - col de l'utérus
2018,AB,100.000,Stade - col de l'utérus
2019,AB,100.000,Stade - col de l'utérus
2020,AB,100.000,Stade - col de l'utérus
2018,BC,100.000,Stade - col de l'utérus
2019,BC,100.000,Stade - col de l'utérus
2020,BC,100.000,Stade - col de l'utérus
2018,YT,100.000,Stade - col de l'utérus
2019,YT,100.000,Stade - col de l'utérus
2020,YT,100.000,Stade - col de l'utérus
2018,NT,100.000,Stade - col de l'utérus
2019,NT,100.000,Stade - col de l'utérus
2020,NT,100.000,Stade - col de l'utérus
2018,NU,75.000,Stade - col de l'utérus
2019,NU,0.000,Stade - col de l'utérus
2020,NU,0.000,Stade - col de l'utérus
2018,Canada,93.495,Stade - prostate
2019,Canada,94.817,Stade - prostate
2020,Canada,78.566,Stade - prostate
2018,NL,98.472,Stade - prostate
2019,NL,99.758,Stade - prostate
2020,NL,0.309,Stade - prostate
2018,PE,100.000,Stade - prostate
2019,PE,100.000,Stade - prostate
2020,PE,100.000,Stade - prostate
2018,NS,99.266,Stade - prostate
2019,NS,1.471,Stade - prostate
2020,NS,0.000,Stade - prostate
2018,NB,100.000,Stade - prostate
2019,NB,100.000,Stade - prostate
2020,NB,100.000,Stade - prostate
2018,QC,0.000,Stade - prostate
2019,QC,0.000,Stade - prostate
2020,QC,0.000,Stade - prostate
2018,ON,94.583,Stade - prostate
2019,ON,95.281,Stade - prostate
2020,ON,58.714,Stade - prostate
2018,MB,99.874,Stade - prostate
2019,MB,99.894,Stade - prostate
2020,MB,100.000,Stade - prostate
2018,SK,0.000,Stade - prostate
2019,SK,99.861,Stade - prostate
2020,SK,99.855,Stade - prostate
2018,AB,100.000,Stade - prostate
2019,AB,100.000,Stade - prostate
2020,AB,100.000,Stade - prostate
2018,BC,100.000,Stade - prostate
2019,BC,99.972,Stade - prostate
2020,BC,100.000,Stade - prostate
2018,YT,91.667,Stade - prostate
2019,YT,93.548,Stade - prostate
2020,YT,100.000,Stade - prostate
2018,NT,100.000,Stade - prostate
2019,NT,100.000,Stade - prostate
2020,NT,100.000,Stade - prostate
2018,NU,100.000,Stade - prostate
2019,NU,0.000,Stade - prostate
2020,NU,100.000,Stade - prostate